2026-09-18 18:22:51,0,0.2711409032344818,"OrderedDict([('fc1.weight', tensor([[ 0.5506,  0.5969],
        [-0.1757,  0.6396],
        [-0.1649,  0.1327]])), ('fc1.bias', tensor([-0.3343,  0.4053,  0.6133])), ('fc2.weight', tensor([[-0.4336,  0.4918,  0.0981]])), ('fc2.bias', tensor([0.4166]))])"
2026-09-18 18:22:52,1000,0.00478608813136816,"OrderedDict([('fc1.weight', tensor([[ 6.7736, -4.4432],
        [ 5.5368,  5.2301],
        [-5.8972,  7.6187]])), ('fc1.bias', tensor([ 1.4184, -0.5167,  2.4048])), ('fc2.weight', tensor([[-5.3614,  4.8062, -5.2243]])), ('fc2.bias', tensor([3.2767]))])"
2026-09-18 18:22:52,2000,0.001131250406615436,"OrderedDict([('fc1.weight', tensor([[ 7.7416, -5.0934],
        [ 5.9429,  5.5338],
        [-6.2250,  8.5054]])), ('fc1.bias', tensor([ 1.5776, -0.4313,  2.2881])), ('fc2.weight', tensor([[-6.7909,  5.8000, -6.6727]])), ('fc2.bias', tensor([4.4308]))])"
2026-09-18 18:22:53,3000,0.00046720626414753497,"OrderedDict([('fc1.weight', tensor([[ 8.2340, -5.4122],
        [ 6.1406,  5.6909],
        [-6.4045,  8.9665]])), ('fc1.bias', tensor([ 1.6471, -0.3886,  2.2382])), ('fc2.weight', tensor([[-7.6594,  6.3999, -7.5504]])), ('fc2.bias', tensor([5.1371]))])"
2026-09-18 18:22:53,4000,0.00023228832287713885,"OrderedDict([('fc1.weight', tensor([[ 8.5839, -5.6349],
        [ 6.2787,  5.8040],
        [-6.5371,  9.2973]])), ('fc1.bias', tensor([ 1.6929, -0.3579,  2.2067])), ('fc2.weight', tensor([[-8.3443,  6.8714, -8.2413]])), ('fc2.bias', tensor([5.6955]))])"
2026-09-18 18:22:54,5000,0.00012589269317686558,"OrderedDict([('fc1.weight', tensor([[ 8.8674, -5.8131],
        [ 6.3894,  5.8965],
        [-6.6476,  9.5668]])), ('fc1.bias', tensor([ 1.7280, -0.3327,  2.1835])), ('fc2.weight', tensor([[-8.9444,  7.2837, -8.8459]])), ('fc2.bias', tensor([6.1855]))])"
2026-09-18 18:22:54,6000,7.142800313886255e-05,"OrderedDict([('fc1.weight', tensor([[ 9.1131, -5.9661],
        [ 6.4846,  5.9773],
        [-6.7454,  9.8014]])), ('fc1.bias', tensor([ 1.7571, -0.3105,  2.1650])), ('fc2.weight', tensor([[-9.4997,  7.6646, -9.4048]])), ('fc2.bias', tensor([6.6393]))])"
2026-09-18 18:22:55,7000,4.159624222666025e-05,"OrderedDict([('fc1.weight', tensor([[ 9.3344, -6.1028],
        [ 6.5700,  6.0507],
        [-6.8352, 10.0135]])), ('fc1.bias', tensor([ 1.7823, -0.2901,  2.1496])), ('fc2.weight', tensor([[-10.0298,   8.0278,  -9.9379]])), ('fc2.bias', tensor([7.0728]))])"
2026-09-18 18:22:55,8000,2.4600294636911713e-05,"OrderedDict([('fc1.weight', tensor([[ 9.5386, -6.2281],
        [ 6.6483,  6.1187],
        [-6.9192, 10.2096]])), ('fc1.bias', tensor([ 1.8046, -0.2711,  2.1364])), ('fc2.weight', tensor([[-10.5450,   8.3805, -10.4558]])), ('fc2.bias', tensor([7.4944]))])"
2026-09-18 18:22:55,9000,1.4686085705761798e-05,"OrderedDict([('fc1.weight', tensor([[ 9.7297, -6.3445],
        [ 6.7213,  6.1827],
        [-6.9989, 10.3937]])), ('fc1.bias', tensor([ 1.8249, -0.2530,  2.1248])), ('fc2.weight', tensor([[-11.0515,   8.7269, -10.9646]])), ('fc2.bias', tensor([7.9090]))])"
2026-09-19 14:25:05,0,0.2713855803012848,"OrderedDict([('fc1.weight', tensor([[ 0.5506,  0.5969],
        [-0.1757,  0.6396],
        [-0.1649,  0.1327]])), ('fc1.bias', tensor([-0.3343,  0.4053,  0.6133])), ('fc2.weight', tensor([[-0.4336,  0.4918,  0.0981]])), ('fc2.bias', tensor([0.4166]))])"
2026-09-19 14:25:06,1000,0.0008084893925115466,"OrderedDict([('fc1.weight', tensor([[ 1.5067,  2.4628],
        [-1.9190,  1.9189],
        [-2.3140, -2.3135]])), ('fc1.bias', tensor([-1.5073e+00, -7.5403e-05,  2.3138e+00])), ('fc2.weight', tensor([[-2.8192,  2.0157, -2.9651]])), ('fc2.bias', tensor([3.0128]))])"
2026-09-19 14:25:06,2000,0.00019695592345669866,"OrderedDict([('fc1.weight', tensor([[ 1.5972,  2.7208],
        [-2.0986,  2.0986],
        [-2.5316, -2.5315]])), ('fc1.bias', tensor([-1.5974e+00, -8.5776e-06,  2.5316e+00])), ('fc2.weight', tensor([[-3.0881,  2.2212, -3.2947]])), ('fc2.bias', tensor([3.7266]))])"
2026-09-19 14:25:06,3000,8.000164962140843e-05,"OrderedDict([('fc1.weight', tensor([[ 1.6517,  2.8724],
        [-2.2077,  2.2078],
        [-2.6598, -2.6597]])), ('fc1.bias', tensor([-1.6519e+00, -5.5800e-05,  2.6593e+00])), ('fc2.weight', tensor([[-3.2469,  2.3455, -3.4867]])), ('fc2.bias', tensor([4.1758]))])"
2026-09-19 14:25:07,4000,3.8982117985142395e-05,"OrderedDict([('fc1.weight', tensor([[ 1.6936,  2.9879],
        [-2.2918,  2.2919],
        [-2.7572, -2.7568]])), ('fc1.bias', tensor([-1.6937e+00, -2.2026e-05,  2.7566e+00])), ('fc2.weight', tensor([[-3.3677,  2.4409, -3.6319]])), ('fc2.bias', tensor([4.5323]))])"
2026-09-19 14:25:07,5000,2.071363815048244e-05,"OrderedDict([('fc1.weight', tensor([[ 1.7293,  3.0858],
        [-2.3638,  2.3638],
        [-2.8396, -2.8394]])), ('fc1.bias', tensor([-1.7293e+00, -3.0674e-05,  2.8394e+00])), ('fc2.weight', tensor([[-3.4700,  2.5224, -3.7546]])), ('fc2.bias', tensor([4.8451]))])"
2026-09-19 14:25:08,6000,1.1537090358615387e-05,"OrderedDict([('fc1.weight', tensor([[ 1.7614,  3.1739],
        [-2.4287,  2.4287],
        [-2.9138, -2.9136]])), ('fc1.bias', tensor([-1.7615e+00,  2.9457e-06,  2.9137e+00])), ('fc2.weight', tensor([[-3.5619,  2.5958, -3.8646]])), ('fc2.bias', tensor([5.1342]))])"
2026-09-19 14:25:08,7000,6.603543624805752e-06,"OrderedDict([('fc1.weight', tensor([[ 1.7913,  3.2558],
        [-2.4893,  2.4893],
        [-2.9829, -2.9828]])), ('fc1.bias', tensor([-1.7914e+00,  2.9111e-05,  2.9824e+00])), ('fc2.weight', tensor([[-3.6471,  2.6642, -3.9665]])), ('fc2.bias', tensor([5.4099]))])"
2026-09-19 14:25:09,8000,3.8408020373026375e-06,"OrderedDict([('fc1.weight', tensor([[ 1.8196,  3.3334],
        [-2.5470,  2.5469],
        [-3.0482, -3.0479]])), ('fc1.bias', tensor([-1.8197e+00, -2.4916e-05,  3.0480e+00])), ('fc2.weight', tensor([[-3.7278,  2.7292, -4.0629]])), ('fc2.bias', tensor([5.6773]))])"
2026-09-19 14:25:09,9000,2.2573124169866787e-06,"OrderedDict([('fc1.weight', tensor([[ 1.8467,  3.4080],
        [-2.6024,  2.6024],
        [-3.1110, -3.1110]])), ('fc1.bias', tensor([-1.8470e+00, -2.5583e-05,  3.1106e+00])), ('fc2.weight', tensor([[-3.8050,  2.7916, -4.1553]])), ('fc2.bias', tensor([5.9397]))])"
2026-09-19 14:25:30,0,0.2756117284297943,"OrderedDict([('fc1.weight', tensor([[ 0.5506,  0.5969],
        [-0.1757,  0.6396],
        [-0.1649,  0.1327]])), ('fc1.bias', tensor([-0.3343,  0.4053,  0.6133])), ('fc2.weight', tensor([[-0.4336,  0.4918,  0.0981]])), ('fc2.bias', tensor([0.4166]))])"
2026-09-19 14:25:31,1000,0.0,"OrderedDict([('fc1.weight', tensor([[ 1.0269,  1.0435],
        [ 0.8772,  0.9036],
        [-0.7758, -0.7000]])), ('fc1.bias', tensor([-1.0305,  0.1102,  0.6954])), ('fc2.weight', tensor([[-1.7398,  0.8516, -0.3839]])), ('fc2.bias', tensor([0.1592]))])"
2026-09-19 14:25:31,2000,0.0,"OrderedDict([('fc1.weight', tensor([[ 1.0269,  1.0435],
        [ 0.8772,  0.9036],
        [-0.7758, -0.7000]])), ('fc1.bias', tensor([-1.0305,  0.1102,  0.6954])), ('fc2.weight', tensor([[-1.7398,  0.8516, -0.3839]])), ('fc2.bias', tensor([0.1592]))])"
2026-09-19 14:25:31,3000,0.0,"OrderedDict([('fc1.weight', tensor([[ 1.0269,  1.0435],
        [ 0.8772,  0.9036],
        [-0.7758, -0.7000]])), ('fc1.bias', tensor([-1.0305,  0.1102,  0.6954])), ('fc2.weight', tensor([[-1.7398,  0.8516, -0.3839]])), ('fc2.bias', tensor([0.1592]))])"
2026-09-19 14:25:32,4000,0.0,"OrderedDict([('fc1.weight', tensor([[ 1.0269,  1.0435],
        [ 0.8772,  0.9036],
        [-0.7758, -0.7000]])), ('fc1.bias', tensor([-1.0305,  0.1102,  0.6954])), ('fc2.weight', tensor([[-1.7398,  0.8516, -0.3839]])), ('fc2.bias', tensor([0.1592]))])"
2026-09-19 14:25:32,5000,0.0,"OrderedDict([('fc1.weight', tensor([[ 1.0269,  1.0435],
        [ 0.8772,  0.9036],
        [-0.7758, -0.7000]])), ('fc1.bias', tensor([-1.0305,  0.1102,  0.6954])), ('fc2.weight', tensor([[-1.7398,  0.8516, -0.3839]])), ('fc2.bias', tensor([0.1592]))])"
2026-09-19 14:25:33,6000,0.0,"OrderedDict([('fc1.weight', tensor([[ 1.0269,  1.0435],
        [ 0.8772,  0.9036],
        [-0.7758, -0.7000]])), ('fc1.bias', tensor([-1.0305,  0.1102,  0.6954])), ('fc2.weight', tensor([[-1.7398,  0.8516, -0.3839]])), ('fc2.bias', tensor([0.1592]))])"
2026-09-19 14:25:33,7000,0.0,"OrderedDict([('fc1.weight', tensor([[ 1.0269,  1.0435],
        [ 0.8772,  0.9036],
        [-0.7758, -0.7000]])), ('fc1.bias', tensor([-1.0305,  0.1102,  0.6954])), ('fc2.weight', tensor([[-1.7398,  0.8516, -0.3839]])), ('fc2.bias', tensor([0.1592]))])"
2026-09-19 14:25:34,8000,0.0,"OrderedDict([('fc1.weight', tensor([[ 1.0269,  1.0435],
        [ 0.8772,  0.9036],
        [-0.7758, -0.7000]])), ('fc1.bias', tensor([-1.0305,  0.1102,  0.6954])), ('fc2.weight', tensor([[-1.7398,  0.8516, -0.3839]])), ('fc2.bias', tensor([0.1592]))])"
2026-09-19 14:25:34,9000,0.0,"OrderedDict([('fc1.weight', tensor([[ 1.0269,  1.0435],
        [ 0.8772,  0.9036],
        [-0.7758, -0.7000]])), ('fc1.bias', tensor([-1.0305,  0.1102,  0.6954])), ('fc2.weight', tensor([[-1.7398,  0.8516, -0.3839]])), ('fc2.bias', tensor([0.1592]))])"
2026-09-19 16:32:17,0,0.2756117284297943,"OrderedDict([('fc1.weight', tensor([[ 0.5506,  0.5969],
        [-0.1757,  0.6396],
        [-0.1649,  0.1327]])), ('fc1.bias', tensor([-0.3343,  0.4053,  0.6133])), ('fc2.weight', tensor([[-0.4336,  0.4918,  0.0981]])), ('fc2.bias', tensor([0.4166]))])"
2026-09-19 16:32:17,1000,0.0,"OrderedDict([('fc1.weight', tensor([[ 1.0269,  1.0435],
        [ 0.8772,  0.9036],
        [-0.7758, -0.7000]])), ('fc1.bias', tensor([-1.0305,  0.1102,  0.6954])), ('fc2.weight', tensor([[-1.7398,  0.8516, -0.3839]])), ('fc2.bias', tensor([0.1592]))])"
2026-09-19 16:32:17,2000,0.0,"OrderedDict([('fc1.weight', tensor([[ 1.0269,  1.0435],
        [ 0.8772,  0.9036],
        [-0.7758, -0.7000]])), ('fc1.bias', tensor([-1.0305,  0.1102,  0.6954])), ('fc2.weight', tensor([[-1.7398,  0.8516, -0.3839]])), ('fc2.bias', tensor([0.1592]))])"
2026-09-19 16:32:18,3000,0.0,"OrderedDict([('fc1.weight', tensor([[ 1.0269,  1.0435],
        [ 0.8772,  0.9036],
        [-0.7758, -0.7000]])), ('fc1.bias', tensor([-1.0305,  0.1102,  0.6954])), ('fc2.weight', tensor([[-1.7398,  0.8516, -0.3839]])), ('fc2.bias', tensor([0.1592]))])"
2026-09-19 16:32:18,4000,0.0,"OrderedDict([('fc1.weight', tensor([[ 1.0269,  1.0435],
        [ 0.8772,  0.9036],
        [-0.7758, -0.7000]])), ('fc1.bias', tensor([-1.0305,  0.1102,  0.6954])), ('fc2.weight', tensor([[-1.7398,  0.8516, -0.3839]])), ('fc2.bias', tensor([0.1592]))])"
2026-09-19 16:32:19,5000,0.0,"OrderedDict([('fc1.weight', tensor([[ 1.0269,  1.0435],
        [ 0.8772,  0.9036],
        [-0.7758, -0.7000]])), ('fc1.bias', tensor([-1.0305,  0.1102,  0.6954])), ('fc2.weight', tensor([[-1.7398,  0.8516, -0.3839]])), ('fc2.bias', tensor([0.1592]))])"
2026-09-19 16:32:19,6000,0.0,"OrderedDict([('fc1.weight', tensor([[ 1.0269,  1.0435],
        [ 0.8772,  0.9036],
        [-0.7758, -0.7000]])), ('fc1.bias', tensor([-1.0305,  0.1102,  0.6954])), ('fc2.weight', tensor([[-1.7398,  0.8516, -0.3839]])), ('fc2.bias', tensor([0.1592]))])"
2026-09-19 16:32:20,7000,0.0,"OrderedDict([('fc1.weight', tensor([[ 1.0269,  1.0435],
        [ 0.8772,  0.9036],
        [-0.7758, -0.7000]])), ('fc1.bias', tensor([-1.0305,  0.1102,  0.6954])), ('fc2.weight', tensor([[-1.7398,  0.8516, -0.3839]])), ('fc2.bias', tensor([0.1592]))])"
2026-09-19 16:32:20,8000,0.0,"OrderedDict([('fc1.weight', tensor([[ 1.0269,  1.0435],
        [ 0.8772,  0.9036],
        [-0.7758, -0.7000]])), ('fc1.bias', tensor([-1.0305,  0.1102,  0.6954])), ('fc2.weight', tensor([[-1.7398,  0.8516, -0.3839]])), ('fc2.bias', tensor([0.1592]))])"
2026-09-19 16:32:21,9000,0.0,"OrderedDict([('fc1.weight', tensor([[ 1.0269,  1.0435],
        [ 0.8772,  0.9036],
        [-0.7758, -0.7000]])), ('fc1.bias', tensor([-1.0305,  0.1102,  0.6954])), ('fc2.weight', tensor([[-1.7398,  0.8516, -0.3839]])), ('fc2.bias', tensor([0.1592]))])"
2026-09-19 16:32:50,0,0.2756117284297943,"OrderedDict([('fc1.weight', tensor([[ 0.5506,  0.5969],
        [-0.1757,  0.6396],
        [-0.1649,  0.1327]])), ('fc1.bias', tensor([-0.3343,  0.4053,  0.6133])), ('fc2.weight', tensor([[-0.4336,  0.4918,  0.0981]])), ('fc2.bias', tensor([0.4166]))])"
2026-09-19 16:32:50,1000,0.0,"OrderedDict([('fc1.weight', tensor([[ 1.0269,  1.0435],
        [ 0.8772,  0.9036],
        [-0.7758, -0.7000]])), ('fc1.bias', tensor([-1.0305,  0.1102,  0.6954])), ('fc2.weight', tensor([[-1.7398,  0.8516, -0.3839]])), ('fc2.bias', tensor([0.1592]))])"
2026-09-19 16:32:51,2000,0.0,"OrderedDict([('fc1.weight', tensor([[ 1.0269,  1.0435],
        [ 0.8772,  0.9036],
        [-0.7758, -0.7000]])), ('fc1.bias', tensor([-1.0305,  0.1102,  0.6954])), ('fc2.weight', tensor([[-1.7398,  0.8516, -0.3839]])), ('fc2.bias', tensor([0.1592]))])"
2026-09-19 16:32:51,3000,0.0,"OrderedDict([('fc1.weight', tensor([[ 1.0269,  1.0435],
        [ 0.8772,  0.9036],
        [-0.7758, -0.7000]])), ('fc1.bias', tensor([-1.0305,  0.1102,  0.6954])), ('fc2.weight', tensor([[-1.7398,  0.8516, -0.3839]])), ('fc2.bias', tensor([0.1592]))])"
2026-09-19 16:32:51,4000,0.0,"OrderedDict([('fc1.weight', tensor([[ 1.0269,  1.0435],
        [ 0.8772,  0.9036],
        [-0.7758, -0.7000]])), ('fc1.bias', tensor([-1.0305,  0.1102,  0.6954])), ('fc2.weight', tensor([[-1.7398,  0.8516, -0.3839]])), ('fc2.bias', tensor([0.1592]))])"
2026-09-19 16:32:52,5000,0.0,"OrderedDict([('fc1.weight', tensor([[ 1.0269,  1.0435],
        [ 0.8772,  0.9036],
        [-0.7758, -0.7000]])), ('fc1.bias', tensor([-1.0305,  0.1102,  0.6954])), ('fc2.weight', tensor([[-1.7398,  0.8516, -0.3839]])), ('fc2.bias', tensor([0.1592]))])"
2026-09-19 16:32:52,6000,0.0,"OrderedDict([('fc1.weight', tensor([[ 1.0269,  1.0435],
        [ 0.8772,  0.9036],
        [-0.7758, -0.7000]])), ('fc1.bias', tensor([-1.0305,  0.1102,  0.6954])), ('fc2.weight', tensor([[-1.7398,  0.8516, -0.3839]])), ('fc2.bias', tensor([0.1592]))])"
2026-09-19 16:32:53,7000,0.0,"OrderedDict([('fc1.weight', tensor([[ 1.0269,  1.0435],
        [ 0.8772,  0.9036],
        [-0.7758, -0.7000]])), ('fc1.bias', tensor([-1.0305,  0.1102,  0.6954])), ('fc2.weight', tensor([[-1.7398,  0.8516, -0.3839]])), ('fc2.bias', tensor([0.1592]))])"
2026-09-19 16:32:53,8000,0.0,"OrderedDict([('fc1.weight', tensor([[ 1.0269,  1.0435],
        [ 0.8772,  0.9036],
        [-0.7758, -0.7000]])), ('fc1.bias', tensor([-1.0305,  0.1102,  0.6954])), ('fc2.weight', tensor([[-1.7398,  0.8516, -0.3839]])), ('fc2.bias', tensor([0.1592]))])"
2026-09-19 16:32:54,9000,0.0,"OrderedDict([('fc1.weight', tensor([[ 1.0269,  1.0435],
        [ 0.8772,  0.9036],
        [-0.7758, -0.7000]])), ('fc1.bias', tensor([-1.0305,  0.1102,  0.6954])), ('fc2.weight', tensor([[-1.7398,  0.8516, -0.3839]])), ('fc2.bias', tensor([0.1592]))])"
2026-09-19 16:33:30,0,0.2756117284297943,"OrderedDict([('fc1.weight', tensor([[ 0.5506,  0.5969],
        [-0.1757,  0.6396],
        [-0.1649,  0.1327]])), ('fc1.bias', tensor([-0.3343,  0.4053,  0.6133])), ('fc2.weight', tensor([[-0.4336,  0.4918,  0.0981]])), ('fc2.bias', tensor([0.4166]))])"
2026-09-19 16:33:31,1000,0.0,"OrderedDict([('fc1.weight', tensor([[ 1.0269,  1.0435],
        [ 0.8772,  0.9036],
        [-0.7758, -0.7000]])), ('fc1.bias', tensor([-1.0305,  0.1102,  0.6954])), ('fc2.weight', tensor([[-1.7398,  0.8516, -0.3839]])), ('fc2.bias', tensor([0.1592]))])"
2026-09-19 16:33:31,2000,0.0,"OrderedDict([('fc1.weight', tensor([[ 1.0269,  1.0435],
        [ 0.8772,  0.9036],
        [-0.7758, -0.7000]])), ('fc1.bias', tensor([-1.0305,  0.1102,  0.6954])), ('fc2.weight', tensor([[-1.7398,  0.8516, -0.3839]])), ('fc2.bias', tensor([0.1592]))])"
2026-09-19 16:33:31,3000,0.0,"OrderedDict([('fc1.weight', tensor([[ 1.0269,  1.0435],
        [ 0.8772,  0.9036],
        [-0.7758, -0.7000]])), ('fc1.bias', tensor([-1.0305,  0.1102,  0.6954])), ('fc2.weight', tensor([[-1.7398,  0.8516, -0.3839]])), ('fc2.bias', tensor([0.1592]))])"
2026-09-19 16:33:32,4000,0.0,"OrderedDict([('fc1.weight', tensor([[ 1.0269,  1.0435],
        [ 0.8772,  0.9036],
        [-0.7758, -0.7000]])), ('fc1.bias', tensor([-1.0305,  0.1102,  0.6954])), ('fc2.weight', tensor([[-1.7398,  0.8516, -0.3839]])), ('fc2.bias', tensor([0.1592]))])"
2026-09-19 16:33:32,5000,0.0,"OrderedDict([('fc1.weight', tensor([[ 1.0269,  1.0435],
        [ 0.8772,  0.9036],
        [-0.7758, -0.7000]])), ('fc1.bias', tensor([-1.0305,  0.1102,  0.6954])), ('fc2.weight', tensor([[-1.7398,  0.8516, -0.3839]])), ('fc2.bias', tensor([0.1592]))])"
2026-09-19 16:33:33,6000,0.0,"OrderedDict([('fc1.weight', tensor([[ 1.0269,  1.0435],
        [ 0.8772,  0.9036],
        [-0.7758, -0.7000]])), ('fc1.bias', tensor([-1.0305,  0.1102,  0.6954])), ('fc2.weight', tensor([[-1.7398,  0.8516, -0.3839]])), ('fc2.bias', tensor([0.1592]))])"
2026-09-19 16:33:33,7000,0.0,"OrderedDict([('fc1.weight', tensor([[ 1.0269,  1.0435],
        [ 0.8772,  0.9036],
        [-0.7758, -0.7000]])), ('fc1.bias', tensor([-1.0305,  0.1102,  0.6954])), ('fc2.weight', tensor([[-1.7398,  0.8516, -0.3839]])), ('fc2.bias', tensor([0.1592]))])"
2026-09-19 16:33:34,8000,0.0,"OrderedDict([('fc1.weight', tensor([[ 1.0269,  1.0435],
        [ 0.8772,  0.9036],
        [-0.7758, -0.7000]])), ('fc1.bias', tensor([-1.0305,  0.1102,  0.6954])), ('fc2.weight', tensor([[-1.7398,  0.8516, -0.3839]])), ('fc2.bias', tensor([0.1592]))])"
2026-09-19 16:33:34,9000,0.0,"OrderedDict([('fc1.weight', tensor([[ 1.0269,  1.0435],
        [ 0.8772,  0.9036],
        [-0.7758, -0.7000]])), ('fc1.bias', tensor([-1.0305,  0.1102,  0.6954])), ('fc2.weight', tensor([[-1.7398,  0.8516, -0.3839]])), ('fc2.bias', tensor([0.1592]))])"
2026-09-19 16:33:58,0,0.2756117284297943,"OrderedDict([('fc1.weight', tensor([[ 0.5506,  0.5969],
        [-0.1757,  0.6396],
        [-0.1649,  0.1327]])), ('fc1.bias', tensor([-0.3343,  0.4053,  0.6133])), ('fc2.weight', tensor([[-0.4336,  0.4918,  0.0981]])), ('fc2.bias', tensor([0.4166]))])"
2026-09-19 16:33:59,1000,0.0,"OrderedDict([('fc1.weight', tensor([[ 1.0269,  1.0435],
        [ 0.8772,  0.9036],
        [-0.7758, -0.7000]])), ('fc1.bias', tensor([-1.0305,  0.1102,  0.6954])), ('fc2.weight', tensor([[-1.7398,  0.8516, -0.3839]])), ('fc2.bias', tensor([0.1592]))])"
